Workbook

Sheet Recommended Candidates
A1: Rank | B1: Candidate ID | C1: Candidate Name | D1: Job ID | E1: Overall Score | F1: Semantic Score | G1: Skills Score | H1: Experience Score | I1: Education Score | J1: Domain Score | K1: Career Progression | L1: Availability | M1: AI Recommendation | N1: Explainability | O1: Resume Status
A2: 1 | B2: CAND_0005260 | C2: Mira Ghosh | D2: c1bccf04-709d-4e7a-a1e9-ed5669ac077f | E2: 83.13 | F2: 100 | G2: 30.67 | H2: 100 | I2: 100 | J2: 85 | K2: 74 | L2: 81 | M2: Strong Hire | N2: Senior NLP Engineer with 5.2 YOE; demonstrates 5.2 years relevant experience, with high semantic alignment to AI Engineering. | O2: Parsed Successfully
A3: 2 | B3: CAND_0027691 | C3: Ayaan Goyal | D3: c1bccf04-709d-4e7a-a1e9-ed5669ac077f | E3: 82.82 | F3: 100 | G3: 34.67 | H3: 100 | I3: 100 | J3: 80 | K3: 74 | L3: 63.75 | M3: Strong Hire | N3: NLP Engineer with 6.5 YOE; demonstrates 6.5 years relevant experience, with high semantic alignment to AI Engineering. | O3: Parsed Successfully
A4: 3 | B4: CAND_0081846 | C4: Arjun Khanna | D4: c1bccf04-709d-4e7a-a1e9-ed5669ac077f | E4: 82.58 | F4: 100 | G4: 26.67 | H4: 100 | I4: 100 | J4: 75 | K4: 80 | L4: 90 | M4: Strong Hire | N4: Lead AI Engineer with 6.7 YOE; demonstrates 6.7 years relevant experience, with high semantic alignment to AI Engineering. | O4: Parsed Successfully
A5: 4 | B5: CAND_0052682 | C5: Ira Mukherjee | D5: c1bccf04-709d-4e7a-a1e9-ed5669ac077f | E5: 82.38 | F5: 100 | G5: 30.67 | H5: 100 | I5: 100 | J5: 70 | K5: 80 | L5: 75 | M5: Strong Hire | N5: NLP Engineer with 6.6 YOE; demonstrates 6.6 years relevant experience, with high semantic alignment to AI Engineering. | O5: Parsed Successfully
A6: 5 | B6: CAND_0081686 | C6: Naina Tiwari | D6: c1bccf04-709d-4e7a-a1e9-ed5669ac077f | E6: 82.28 | F6: 100 | G6: 30.67 | H6: 100 | I6: 100 | J6: 80 | K6: 62 | L6: 81 | M6: Strong Hire | N6: Search Engineer with 6.0 YOE; demonstrates 6.0 years relevant experience, with high semantic alignment to AI Engineering. | O6: Parsed Successfully
A7: 6 | B7: CAND_0046064 | C7: Saanvi Naidu | D7: c1bccf04-709d-4e7a-a1e9-ed5669ac077f | E7: 81.81 | F7: 100 | G7: 21.78 | H7: 100 | I7: 100 | J7: 85 | K7: 74 | L7: 90 | M7: Strong Hire | N7: Senior NLP Engineer with 8.9 YOE; demonstrates 8.9 years relevant experience, with high semantic alignment to AI Engineering. | O7: Parsed Successfully
A8: 7 | B8: CAND_0039838 | C8: Mira Trivedi | D8: c1bccf04-709d-4e7a-a1e9-ed5669ac077f | E8: 81.23 | F8: 100 | G8: 25.78 | H8: 98.5 | I8: 100 | J8: 80 | K8: 74 | L8: 72 | M8: Strong Hire | N8: Recommendation Systems Engineer with 4.9 YOE; demonstrates 4.9 years relevant experience, with high semantic alignment to AI Engineering (Note: 90 days notice). | O8: Parsed Successfully
A9: 8 | B9: CAND_0011687 | C9: Shreya Tiwari | D9: c1bccf04-709d-4e7a-a1e9-ed5669ac077f | E9: 81.06 | F9: 100 | G9: 17.78 | H9: 100 | I9: 100 | J9: 80 | K9: 80 | L9: 90 | M9: Strong Hire | N9: Senior NLP Engineer with 7.8 YOE; demonstrates 7.8 years relevant experience, with high semantic alignment to AI Engineering. | O9: Parsed Successfully
A10: 9 | B10: CAND_0022870 | C10: Krishna Menon | D10: c1bccf04-709d-4e7a-a1e9-ed5669ac077f | E10: 80.9 | F10: 100 | G10: 26.67 | H10: 100 | I10: 100 | J10: 80 | K10: 74 | L10: 57.38 | M10: Strong Hire | N10: AI Specialist with 6.7 YOE; demonstrates 6.7 years relevant experience, with high semantic alignment to AI Engineering. | O10: Parsed Successfully
A11: 10 | B11: CAND_0008425 | C11: Myra Krishnan | D11: c1bccf04-709d-4e7a-a1e9-ed5669ac077f | E11: 80.87 | F11: 100 | G11: 21.78 | H11: 100 | I11: 100 | J11: 85 | K11: 84 | L11: 61.2 | M11: Strong Hire | N11: Senior NLP Engineer with 7.8 YOE; demonstrates 7.8 years relevant experience, with high semantic alignment to AI Engineering (Note: 90 days notice). | O11: Parsed Successfully
A12: 11 | B12: CAND_0058688 | C12: Anjali Kapoor | D12: c1bccf04-709d-4e7a-a1e9-ed5669ac077f | E12: 80.86 | F12: 100 | G12: 21.78 | H12: 100 | I12: 100 | J12: 75 | K12: 80 | L12: 75 | M12: Strong Hire | N12: AI Engineer with 6.7 YOE; demonstrates 6.7 years relevant experience, with high semantic alignment to AI Engineering. | O12: Parsed Successfully
A13: 12 | B13: CAND_0030784 | C13: Ved Mukherjee | D13: c1bccf04-709d-4e7a-a1e9-ed5669ac077f | E13: 80.83 | F13: 100 | G13: 30.67 | H13: 91 | I13: 100 | J13: 75 | K13: 74 | L13: 72 | M13: Strong Hire | N13: Data Scientist with 4.4 YOE; demonstrates 4.4 years relevant experience, with high semantic alignment to AI Engineering (Note: 90 days notice). | O13: Parsed Successfully
... A101: 100 | B101: CAND_0012957 | C101: Ritu Menon | D101: c1bccf04-709d-4e7a-a1e9-ed5669ac077f | E101: 77.94 | F101: 100 | G101: 17.78 | H101: 98.5 | I101: 100 | J101: 80 | K101: 74 | L101: 38.25 | M101: Hire | N101: Search Engineer with 4.9 YOE; demonstrates 4.9 years relevant experience, with high semantic alignment to AI Engineering (Note: 120 days notice). | O101: Parsed Successfully

Sheet Analytics
A1: Candidate Pipeline Analytics
A2: Overall scoring and suitability distribution overview
A4: Metric / KPI | B4: Value
A5: Total Screened Candidates | B5: 100000
A6: Average Match Score | B6: =AVERAGE('Recommended Candidates'!E2:E101)
A7: Highest Score | B7: =MAX('Recommended Candidates'!E2:E101)
A8: Lowest Score | B8: =MIN('Recommended Candidates'!E2:E101)
A9: Strong Hire candidates | B9: =COUNTIF('Recommended Candidates'!M2:M101, "Strong Hire")
A10: Hire candidates | B10: =COUNTIF('Recommended Candidates'!M2:M101, "Hire")
A11: Consider candidates | B11: =COUNTIF('Recommended Candidates'!M2:M101, "Consider")
A12: Reject candidates | B12: =COUNTIF('Recommended Candidates'!M2:M101, "Reject")
A15: Score Distribution Band Table
A16: Score Band | B16: Candidate Count
A17: 50-60 | B17: =COUNTIFS('Recommended Candidates'!E$2:E$101, ">=50", 'Recommended Candidates'!E$2:E$101, "<60")
A18: 60-70 | B18: =COUNTIFS('Recommended Candidates'!E$2:E$101, ">=60", 'Recommended Candidates'!E$2:E$101, "<70")
A19: 70-80 | B19: =COUNTIFS('Recommended Candidates'!E$2:E$101, ">=70", 'Recommended Candidates'!E$2:E$101, "<80")
A20: 80-90 | B20: =COUNTIFS('Recommended Candidates'!E$2:E$101, ">=80", 'Recommended Candidates'!E$2:E$101, "<90")
A21: 90-100 | B21: =COUNTIFS('Recommended Candidates'!E$2:E$101, ">=90", 'Recommended Candidates'!E$2:E$101, "<=100")

Sheet Dashboard
A1: Executive Talent Intelligence Dashboard
A2: Role matching summary & screening metrics for Senior AI Engineer
A4: TOTAL SCREENED POOL | C4: SHORTLISTED CANDIDATES | E4: AVERAGE MATCH SCORE | G4: BEST CANDIDATE FIT
A5: 100000 | C5: =COUNTA('Recommended Candidates'!B2:B101) | E5: =AVERAGE('Recommended Candidates'!E2:E101) | G5: ='Recommended Candidates'!C2
A7: Top 5 Ranked Candidates
A8: Rank | B8: Candidate Name | C8: Overall Score | D8: AI Recommendation
A9: ='Recommended Candidates'!A2 | B9: ='Recommended Candidates'!C2 | C9: ='Recommended Candidates'!E2 | D9: ='Recommended Candidates'!M2
A10: ='Recommended Candidates'!A3 | B10: ='Recommended Candidates'!C3 | C10: ='Recommended Candidates'!E3 | D10: ='Recommended Candidates'!M3
A11: ='Recommended Candidates'!A4 | B11: ='Recommended Candidates'!C4 | C11: ='Recommended Candidates'!E4 | D11: ='Recommended Candidates'!M4
A12: ='Recommended Candidates'!A5 | B12: ='Recommended Candidates'!C5 | C12: ='Recommended Candidates'!E5 | D12: ='Recommended Candidates'!M5
A13: ='Recommended Candidates'!A6 | B13: ='Recommended Candidates'!C6 | C13: ='Recommended Candidates'!E6 | D13: ='Recommended Candidates'!M6
A15: Hiring Funnel Stages
A16: Funnel Stage | B16: Candidate Volume
A17: 1. Screened Pool | B17: 100000
A18: 2. Considered Fit | B18: =COUNTIF('Recommended Candidates'!E$2:E$101, ">=50") + 850
A19: 3. Shortlisted | B19: =COUNTA('Recommended Candidates'!B2:B101)
A20: 4. Strong Hires | B20: =COUNTIF('Recommended Candidates'!M$2:M$101, "Strong Hire")
